id,barber_id,date,start_time,client,phone,paid,price,end_time,service_id,created_at,created_by,deleted_at,deleted_by,updated_at,shop_id
1,2,2025-10-28,10:30:00,horario,0,False,,15:00:00,1,2025-12-24 19:26:24.956324+00,,,,2025-12-24 19:26:24.956324+00,hellfish
6,1,2025-07-08,13:30:00,ALMUERZO,0,False,,14:30:00,6,2026-01-08 02:45:43.469422+00,,,,2026-01-08 02:45:43.469422+00,hooligans
7,1,2025-07-09,13:30:00,ALMUERZO,0,False,,14:30:00,6,2026-01-08 02:45:43.469422+00,,,,2026-01-08 02:45:43.469422+00,hooligans
8,1,2025-07-10,13:00:00,ALMUERZO,0,False,,14:00:00,6,2026-01-08 02:45:43.469422+00,,,,2026-01-08 02:45:43.469422+00,hooligans
9,1,2025-07-11,13:30:00,ALMUERZO,0,False,,14:30:00,6,2026-01-08 02:45:43.469422+00,,,,2026-01-08 02:45:43.469422+00,hooligans
47,1,2025-07-15,13:30:00,ALMUERZO,0,False,,14:30:00,1,2026-01-08 02:45:43.469422+00,,,,2026-01-08 02:45:43.469422+00,hooligans
48,1,2025-07-16,13:30:00,ALMUERZO,0,False,,14:30:00,1,2026-01-08 02:45:43.469422+00,,,,2026-01-08 02:45:43.469422+00,hooligans
49,1,2025-07-17,13:30:00,ALMUERZO,0,False,,14:30:00,1,2026-01-08 02:45:43.469422+00,,,,2026-01-08 02:45:43.469422+00,hooligans
50,1,2025-07-18,14:30:00,ALMUERZO,0,False,,15:00:00,1,2026-01-08 02:45:43.469422+00,,,,2026-01-08 02:45:43.469422+00,hooligans
51,1,2025-07-19,13:30:00,ALMUERZO,0,False,,14:30:00,1,2026-01-08 02:45:43.469422+00,,,,2026-01-08 02:45:43.469422+00,hooligans
109,4,2025-07-17,13:30:00,Almuerzo,0,False,,14:30:00,1,2026-01-08 02:45:43.469422+00,,,,2026-01-08 02:45:43.469422+00,hooligans
110,4,2025-07-18,13:30:00,ALMUERZO,0,False,,14:30:00,1,2026-01-08 02:45:43.469422+00,,,,2026-01-08 02:45:43.469422+00,hooligans
111,4,2025-07-19,13:00:00,ALMUERZO,0,False,,14:00:00,1,2026-01-08 02:45:43.469422+00,,,,2026-01-08 02:45:43.469422+00,hooligans
130,1,2025-07-22,13:30:00,ALMUERZO,0,False,,14:30:00,1,2026-01-08 02:45:43.469422+00,,,,2026-01-08 02:45:43.469422+00,hooligans
144,1,2025-07-23,13:30:00,ALMUERZO,0,False,,14:30:00,1,2026-01-08 02:45:43.469422+00,,,,2026-01-08 02:45:43.469422+00,hooligans
153,1,2025-07-25,14:00:00,ALMUERZO,0,False,,15:00:00,1,2026-01-08 02:45:43.469422+00,,,,2026-01-08 02:45:43.469422+00,hooligans
154,1,2025-07-24,13:30:00,ALMUERZO,0,False,,14:30:00,1,2026-01-08 02:45:43.469422+00,,,,2026-01-08 02:45:43.469422+00,hooligans
182,1,2025-07-29,13:30:00,ALMUERZO,0,False,,14:30:00,1,2026-01-08 02:45:43.469422+00,,,,2026-01-08 02:45:43.469422+00,hooligans
191,1,2025-07-30,13:30:00,ALMUERZO,0,False,,14:30:00,1,2026-01-08 02:45:43.469422+00,,,,2026-01-08 02:45:43.469422+00,hooligans
192,1,2025-07-31,13:30:00,ALMUERZO,0,False,,14:30:00,1,2026-01-08 02:45:43.469422+00,,,,2026-01-08 02:45:43.469422+00,hooligans
193,1,2025-08-01,13:00:00,ALMUERZO,0,False,,14:00:00,1,2026-01-08 02:45:43.469422+00,,,,2026-01-08 02:45:43.469422+00,hooligans
194,1,2025-08-02,13:00:00,ALMUERZO,0,False,,14:00:00,1,2026-01-08 02:45:43.469422+00,,,,2026-01-08 02:45:43.469422+00,hooligans
246,1,2025-08-07,13:30:00,ALMUERZO,0,False,,14:30:00,1,2026-01-08 02:45:43.469422+00,,,,2026-01-08 02:45:43.469422+00,hooligans
247,1,2025-08-08,13:30:00,ALMUERZO,0,False,,14:30:00,1,2026-01-08 02:45:43.469422+00,,,,2026-01-08 02:45:43.469422+00,hooligans
248,1,2025-08-09,13:00:00,ALMUERZO,0,False,,14:00:00,1,2026-01-08 02:45:43.469422+00,,,,2026-01-08 02:45:43.469422+00,hooligans
293,1,2025-08-13,13:30:00,ALMUERZO,0,False,,14:30:00,1,2026-01-08 02:45:43.469422+00,,,,2026-01-08 02:45:43.469422+00,hooligans
294,1,2025-08-14,13:30:00,ALMUERZO,0,False,,14:30:00,1,2026-01-08 02:45:43.469422+00,,,,2026-01-08 02:45:43.469422+00,hooligans
307,1,2025-08-12,13:00:00,ALMUERZO,0,False,,14:00:00,1,2026-01-08 02:45:43.469422+00,,,,2026-01-08 02:45:43.469422+00,hooligans
334,1,2025-08-19,13:00:00,ALMUERZO,0,False,,14:00:00,1,2026-01-08 02:45:43.469422+00,,,,2026-01-08 02:45:43.469422+00,hooligans
335,1,2025-08-20,13:30:00,ALMUERZO,0,False,,14:30:00,1,2026-01-08 02:45:43.469422+00,,,,2026-01-08 02:45:43.469422+00,hooligans
336,1,2025-08-21,13:30:00,ALMUERZO,0,False,,14:30:00,1,2026-01-08 02:45:43.469422+00,,,,2026-01-08 02:45:43.469422+00,hooligans
337,1,2025-08-22,13:30:00,ALMUERZO,0,False,,14:30:00,1,2026-01-08 02:45:43.469422+00,,,,2026-01-08 02:45:43.469422+00,hooligans
338,1,2025-08-23,13:00:00,ALMUERZO,0,False,,14:00:00,1,2026-01-08 02:45:43.469422+00,,,,2026-01-08 02:45:43.469422+00,hooligans
381,1,2025-08-26,13:30:00,ALMUERZO,0,False,,14:30:00,1,2026-01-08 02:45:43.469422+00,,,,2026-01-08 02:45:43.469422+00,hooligans
385,1,2025-08-27,13:30:00,ALMUERZO,0,False,,14:30:00,1,2026-01-08 02:45:43.469422+00,,,,2026-01-08 02:45:43.469422+00,hooligans
405,1,2025-08-29,13:45:00,ALMUERZO,0,False,,14:45:00,1,2026-01-08 02:45:43.469422+00,,,,2026-01-08 02:45:43.469422+00,hooligans
414,1,2025-08-30,14:00:00,ALMUERZO,0,False,,15:00:00,1,2026-01-08 02:45:43.469422+00,,,,2026-01-08 02:45:43.469422+00,hooligans
429,1,2025-09-12,13:30:00,ALMUERZO,0,False,,14:30:00,1,2026-01-08 02:45:43.469422+00,,,,2026-01-08 02:45:43.469422+00,hooligans
513,1,2025-09-21,13:30:00,ALMUERZO,0,False,,14:30:00,1,2026-01-08 02:45:43.469422+00,,,,2026-01-08 02:45:43.469422+00,hooligans
526,1,2025-10-09,13:00:00,ALMUERZO,0,False,,14:00:00,1,2026-01-08 02:45:43.469422+00,,,,2026-01-08 02:45:43.469422+00,hooligans
584,1,2025-09-13,13:00:00,ALMUERZO,0,False,,14:00:00,1,2026-01-08 02:45:43.469422+00,,,,2026-01-08 02:45:43.469422+00,hooligans
596,1,2025-10-08,13:30:00,ALMUERZO,0,False,,14:30:00,1,2026-01-08 02:45:43.469422+00,,,,2026-01-08 02:45:43.469422+00,hooligans
611,1,2025-12-16,13:30:00,ALMUERZO,0,False,,14:30:00,1,2026-01-08 02:45:43.469422+00,,,,2026-01-08 02:45:43.469422+00,hooligans
628,1,2025-10-10,13:30:00,ALMUERZO,0,False,,14:30:00,1,2026-01-08 02:45:43.469422+00,,,,2026-01-08 02:45:43.469422+00,hooligans
643,5,2025-12-19,13:30:00,ALMUERZO,0,False,,14:30:00,1,2026-01-08 02:45:43.469422+00,,,,2026-01-08 02:45:43.469422+00,hooligans
644,1,2025-10-07,13:30:00,ALMUERZO,0,False,,14:30:00,1,2026-01-08 02:45:43.469422+00,,,,2026-01-08 02:45:43.469422+00,hooligans
715,1,2025-10-10,13:00:00,ALMUERZO,0,False,,14:00:00,1,2026-01-08 02:45:43.469422+00,,,,2026-01-08 02:45:43.469422+00,hooligans
733,5,2025-12-13,13:00:00,ALMUERZO,0,False,,14:00:00,1,2026-01-08 02:45:43.469422+00,,,,2026-01-08 02:45:43.469422+00,hooligans
754,1,2025-12-20,11:00:00,ALMUERZO,0,False,,19:45:00,1,2026-01-08 02:45:43.469422+00,,,,2026-01-08 02:45:43.469422+00,hooligans
828,1,2025-12-26,13:30:00,ALMUERZO,0,False,,14:30:00,1,2026-01-08 02:45:43.469422+00,,,,2026-01-08 02:45:43.469422+00,hooligans
1110,5,2025-12-17,13:30:00,ALMUERZO,0,False,,14:30:00,1,2026-01-08 02:45:43.469422+00,,,,2026-01-08 02:45:43.469422+00,hooligans
1278,5,2025-12-16,13:30:00,ALMUERZO,0,False,,14:30:00,1,2026-01-08 02:45:43.469422+00,,,,2026-01-08 02:45:43.469422+00,hooligans
1279,5,2026-01-03,13:00:00,ALMUERZO,0,False,,14:00:00,1,2026-01-08 02:45:43.469422+00,,,,2026-01-08 02:45:43.469422+00,hooligans
1280,5,2026-01-06,13:30:00,ALMUERZO,0,False,,14:30:00,1,2026-01-08 02:45:43.469422+00,,,,2026-01-08 02:45:43.469422+00,hooligans
1281,1,2026-01-08,13:00:00,ALMUERZO,0,False,,14:00:00,1,2026-01-08 02:45:43.469422+00,,,,2026-01-08 02:45:43.469422+00,hooligans
1362,1,2025-12-23,14:00:00,ALMUERZO,0,False,,15:00:00,1,2026-01-08 02:45:43.469422+00,,,,2026-01-08 02:45:43.469422+00,hooligans
1714,5,2026-02-07,13:30:00,ALMUERZO,0,False,,14:30:00,1,2026-02-07 16:30:13.684+00,Valentino,,,2026-02-07 16:30:13.684+00,hooligans
1739,1,2026-02-14,13:30:00,ALMUERZO,0,False,,14:00:00,1,2026-02-11 18:08:04.541+00,Sebastian Fraga,,,2026-02-11 18:08:04.541+00,hooligans
1740,1,2026-02-19,13:00:00,ALMUERZO,0,False,,14:00:00,1,2026-02-11 18:08:04.607+00,Sebastian Fraga,,,2026-02-11 18:08:04.607+00,hooligans
1741,1,2026-02-13,13:00:00,ALMUERZO,0,False,,14:00:00,1,2026-02-11 18:08:04.542+00,Sebastian Fraga,,,2026-02-11 18:08:04.542+00,hooligans
1742,1,2026-02-17,13:00:00,ALMUERZO,0,False,,14:00:00,1,2026-02-11 18:08:04.557+00,Sebastian Fraga,,,2026-02-11 18:08:04.557+00,hooligans
1743,1,2026-02-18,13:30:00,ALMUERZO,0,False,,14:30:00,1,2026-02-11 18:08:04.595+00,Sebastian Fraga,,,2026-02-11 18:08:04.595+00,hooligans
1761,5,2026-02-25,13:00:00,ALMUERZO,0,False,,14:00:00,1,2026-02-13 17:57:33.126+00,Valentino,,,2026-02-13 17:57:33.126+00,hooligans
1762,5,2026-02-26,13:00:00,ALMUERZO,0,False,,14:00:00,1,2026-02-13 17:57:33.132+00,Valentino,,,2026-02-13 17:57:33.132+00,hooligans
1763,5,2026-02-19,13:00:00,ALMUERZO,0,False,,14:00:00,1,2026-02-13 17:57:33.124+00,Valentino,,,2026-02-13 17:57:33.124+00,hooligans
1764,5,2026-02-23,13:00:00,ALMUERZO,0,False,,14:00:00,1,2026-02-13 17:57:33.124+00,Valentino,,,2026-02-13 17:57:33.124+00,hooligans
1765,5,2026-02-28,13:00:00,ALMUERZO,0,False,,14:00:00,1,2026-02-13 17:57:33.212+00,Valentino,,,2026-02-13 17:57:33.212+00,hooligans
1766,5,2026-02-21,13:00:00,ALMUERZO,0,False,,14:00:00,1,2026-02-13 17:57:33.367+00,Valentino,,,2026-02-13 17:57:33.367+00,hooligans
1767,5,2026-02-20,13:00:00,ALMUERZO,0,False,,14:00:00,1,2026-02-13 17:57:33.127+00,Valentino,,,2026-02-13 17:57:33.127+00,hooligans
1768,5,2026-02-22,13:00:00,ALMUERZO,0,False,,14:00:00,1,2026-02-13 17:57:33.144+00,Valentino,,,2026-02-13 17:57:33.144+00,hooligans
1769,5,2026-02-18,11:00:00,ALMUERZO,0,False,,19:45:00,1,2026-02-13 17:57:33.702+00,Valentino,,,2026-02-13 17:57:33.702+00,hooligans
1771,5,2026-02-27,13:00:00,ALMUERZO,0,False,,14:00:00,1,2026-02-13 17:57:33.714+00,Valentino,,,2026-02-13 17:57:33.714+00,hooligans
1772,5,2026-02-24,13:00:00,ALMUERZO,0,False,,14:00:00,1,2026-02-13 17:57:33.744+00,Valentino,,,2026-02-13 17:57:33.744+00,hooligans
1785,1,2026-02-20,13:00:00,ALMUERZO,0,False,,14:00:00,1,2026-02-17 21:02:57.696+00,Sebastian Fraga,,,2026-02-17 21:02:57.696+00,hooligans
1786,1,2026-02-28,13:00:00,ALMUERZO,0,False,,14:00:00,1,2026-02-17 21:02:57.746+00,Sebastian Fraga,,,2026-02-17 21:02:57.746+00,hooligans
1787,1,2026-02-22,13:00:00,ALMUERZO,0,False,,14:00:00,1,2026-02-17 21:02:57.741+00,Sebastian Fraga,,,2026-02-17 21:02:57.741+00,hooligans
1788,1,2026-02-27,13:00:00,ALMUERZO,0,False,,14:00:00,1,2026-02-17 21:02:57.76+00,Sebastian Fraga,,,2026-02-17 21:02:57.76+00,hooligans
1789,1,2026-02-25,13:00:00,ALMUERZO,0,False,,14:00:00,1,2026-02-17 21:02:57.802+00,Sebastian Fraga,,,2026-02-17 21:02:57.802+00,hooligans
1790,1,2026-02-24,12:00:00,ALMUERZO,0,False,,19:45:00,1,2026-02-17 21:02:57.788+00,Sebastian Fraga,,,2026-02-17 21:02:57.788+00,hooligans
1791,1,2026-02-23,13:00:00,ALMUERZO,0,False,,14:00:00,1,2026-02-17 21:02:57.753+00,Sebastian Fraga,,,2026-02-17 21:02:57.753+00,hooligans
1792,1,2026-02-26,13:00:00,ALMUERZO,0,False,,14:00:00,1,2026-02-17 21:02:58.428+00,Sebastian Fraga,,,2026-02-17 21:02:58.428+00,hooligans
1930,1,2026-03-05,13:00:00,ALMUERZO,0,False,,14:00:00,1,2026-03-03 02:47:37.906+00,Sebastian Fraga,,,2026-03-03 02:47:37.906+00,hooligans
1931,1,2026-03-07,13:30:00,ALMUERZO,0,False,,14:30:00,1,2026-03-03 02:47:37.904+00,Sebastian Fraga,,,2026-03-03 02:47:37.904+00,hooligans
1932,1,2026-03-06,13:00:00,ALMUERZO,0,False,,14:00:00,1,2026-03-03 02:47:37.849+00,Sebastian Fraga,,,2026-03-03 02:47:37.849+00,hooligans
1933,1,2026-03-04,13:00:00,ALMUERZO,0,False,,14:00:00,1,2026-03-03 02:47:37.847+00,Sebastian Fraga,,,2026-03-03 02:47:37.847+00,hooligans
1934,1,2026-03-03,13:00:00,ALMUERZO,0,False,,14:00:00,1,2026-03-03 02:47:37.857+00,Sebastian Fraga,,,2026-03-03 02:47:37.857+00,hooligans
1988,1,2026-03-18,13:00:00,ALMUERZO,0,False,,14:15:00,1,2026-03-10 15:05:41.456+00,Sebastian Fraga,,,2026-03-10 15:05:41.456+00,hooligans
1989,1,2026-03-31,13:00:00,ALMUERZO,0,False,,14:15:00,1,2026-03-10 15:05:41.496+00,Sebastian Fraga,,,2026-03-10 15:05:41.496+00,hooligans
1990,1,2026-03-17,13:00:00,ALMUERZO,0,False,,14:15:00,1,2026-03-10 15:05:41.424+00,Sebastian Fraga,,,2026-03-10 15:05:41.424+00,hooligans
1991,1,2026-03-28,13:00:00,ALMUERZO,0,False,,14:15:00,1,2026-03-10 15:05:42.061+00,Sebastian Fraga,,,2026-03-10 15:05:42.061+00,hooligans
1992,1,2026-03-19,13:00:00,ALMUERZO,0,False,,14:15:00,1,2026-03-10 15:05:42.072+00,Sebastian Fraga,,,2026-03-10 15:05:42.072+00,hooligans
1993,1,2026-03-20,13:00:00,ALMUERZO,0,False,,14:15:00,1,2026-03-10 15:05:42.063+00,Sebastian Fraga,,,2026-03-10 15:05:42.063+00,hooligans
1994,1,2026-03-25,13:00:00,ALMUERZO,0,False,,14:15:00,1,2026-03-10 15:05:42.085+00,Sebastian Fraga,,,2026-03-10 15:05:42.085+00,hooligans
1995,1,2026-03-12,13:00:00,ALMUERZO,0,False,,14:15:00,1,2026-03-10 15:05:42.064+00,Sebastian Fraga,,,2026-03-10 15:05:42.064+00,hooligans
1998,1,2026-03-11,13:00:00,ALMUERZO,0,False,,14:15:00,1,2026-03-10 15:05:42.041+00,Sebastian Fraga,,,2026-03-10 15:05:42.041+00,hooligans
1999,1,2026-03-21,13:00:00,ALMUERZO,0,False,,14:15:00,1,2026-03-10 15:05:42.08+00,Sebastian Fraga,,,2026-03-10 15:05:42.08+00,hooligans
2000,1,2026-03-13,13:00:00,ALMUERZO,0,False,,14:15:00,1,2026-03-10 15:05:42.067+00,Sebastian Fraga,,,2026-03-10 15:05:42.067+00,hooligans
2001,1,2026-03-26,13:00:00,ALMUERZO,0,False,,14:15:00,1,2026-03-10 15:05:42.063+00,Sebastian Fraga,,,2026-03-10 15:05:42.063+00,hooligans
2002,1,2026-03-24,13:30:00,ALMUERZO,0,False,,14:30:00,1,2026-03-10 15:05:42.067+00,Sebastian Fraga,,,2026-03-10 15:05:42.067+00,hooligans
2005,1,2026-03-14,11:45:00,ALMUERZO,0,False,,12:30:00,1,2026-03-10 15:05:42.096+00,Sebastian Fraga,,,2026-03-10 15:05:42.096+00,hooligans
2006,1,2026-03-27,13:00:00,ALMUERZO,0,False,,14:15:00,1,2026-03-10 15:05:42.07+00,Sebastian Fraga,,,2026-03-10 15:05:42.07+00,hooligans
2011,5,2026-03-27,12:45:00,ALMUERZO,0,False,,14:00:00,1,2026-03-10 15:08:23.795+00,Valentino,,,2026-03-10 15:08:23.795+00,hooligans
2012,5,2026-03-21,13:00:00,ALMUERZO,0,False,,14:00:00,1,2026-03-10 15:08:23.701+00,Valentino,,,2026-03-10 15:08:23.701+00,hooligans
2013,5,2026-03-31,12:45:00,ALMUERZO,0,False,,14:00:00,1,2026-03-10 15:08:23.742+00,Valentino,,,2026-03-10 15:08:23.742+00,hooligans
2015,5,2026-03-18,12:45:00,ALMUERZO,0,False,,14:00:00,1,2026-03-10 15:08:23.786+00,Valentino,,,2026-03-10 15:08:23.786+00,hooligans
2016,5,2026-03-20,12:45:00,ALMUERZO,0,False,,14:00:00,1,2026-03-10 15:08:23.701+00,Valentino,,,2026-03-10 15:08:23.701+00,hooligans
2017,5,2026-03-26,12:45:00,ALMUERZO,0,False,,14:00:00,1,2026-03-10 15:08:23.703+00,Valentino,,,2026-03-10 15:08:23.703+00,hooligans
2018,5,2026-03-12,12:45:00,ALMUERZO,0,False,,14:00:00,1,2026-03-10 15:08:23.729+00,Valentino,,,2026-03-10 15:08:23.729+00,hooligans
2019,5,2026-03-10,12:45:00,ALMUERZO,0,False,,14:00:00,1,2026-03-10 15:08:23.777+00,Valentino,,,2026-03-10 15:08:23.777+00,hooligans
2021,5,2026-03-24,12:45:00,ALMUERZO,0,False,,14:00:00,1,2026-03-10 15:08:23.848+00,Valentino,,,2026-03-10 15:08:23.848+00,hooligans
2023,5,2026-03-28,12:45:00,ALMUERZO,0,False,,14:00:00,1,2026-03-10 15:08:23.724+00,Valentino,,,2026-03-10 15:08:23.724+00,hooligans
2024,5,2026-03-14,12:45:00,ALMUERZO,0,False,,14:00:00,1,2026-03-10 15:08:23.755+00,Valentino,,,2026-03-10 15:08:23.755+00,hooligans
2025,5,2026-03-13,12:45:00,ALMUERZO,0,False,,14:00:00,1,2026-03-10 15:08:23.786+00,Valentino,,,2026-03-10 15:08:23.786+00,hooligans
2026,5,2026-03-19,12:45:00,ALMUERZO,0,False,,14:00:00,1,2026-03-10 15:08:23.699+00,Valentino,,,2026-03-10 15:08:23.699+00,hooligans
2028,5,2026-03-17,12:45:00,ALMUERZO,0,False,,14:00:00,1,2026-03-10 15:08:23.749+00,Valentino,,,2026-03-10 15:08:23.749+00,hooligans
2029,5,2026-03-25,12:45:00,ALMUERZO,0,False,,14:00:00,1,2026-03-10 15:08:23.756+00,Valentino,,,2026-03-10 15:08:23.756+00,hooligans
2030,5,2026-03-11,12:45:00,ALMUERZO,0,False,,14:00:00,1,2026-03-10 15:08:23.7+00,Valentino,,,2026-03-10 15:08:23.7+00,hooligans
2189,1,2026-04-18,13:00:00,Almuerzo,0,False,,14:00:00,1,2026-03-31 16:37:34.261+00,Sebastian Fraga,,,2026-03-31 16:37:34.261+00,hooligans
2190,1,2026-04-03,13:00:00,Almuerzo,0,False,,16:00:00,1,2026-03-31 16:37:34.234+00,Sebastian Fraga,,,2026-03-31 16:37:34.234+00,hooligans
2191,1,2026-04-10,13:00:00,Almuerzo,0,False,,14:00:00,1,2026-03-31 16:37:34.273+00,Sebastian Fraga,,,2026-03-31 16:37:34.273+00,hooligans
2193,1,2026-04-02,13:00:00,Almuerzo,0,False,,14:00:00,1,2026-03-31 16:37:34.23+00,Sebastian Fraga,,,2026-03-31 16:37:34.23+00,hooligans
2195,1,2026-04-01,13:00:00,Almuerzo,0,False,,14:00:00,1,2026-03-31 16:37:34.234+00,Sebastian Fraga,,,2026-03-31 16:37:34.234+00,hooligans
2196,1,2026-04-08,13:00:00,Almuerzo,0,False,,14:00:00,1,2026-03-31 16:37:34.277+00,Sebastian Fraga,,,2026-03-31 16:37:34.277+00,hooligans
2197,1,2026-04-22,13:00:00,Almuerzo,0,False,,14:00:00,1,2026-03-31 16:37:34.737+00,Sebastian Fraga,,,2026-03-31 16:37:34.737+00,hooligans
2200,1,2026-04-21,13:00:00,Almuerzo,0,False,,14:00:00,1,2026-03-31 16:37:34.814+00,Sebastian Fraga,,,2026-03-31 16:37:34.814+00,hooligans
2201,1,2026-04-30,13:30:00,Almuerzo,0,False,,14:30:00,1,2026-03-31 16:37:34.86+00,Sebastian Fraga,,,2026-04-28 06:58:16.111701+00,hooligans
2204,1,2026-04-07,13:30:00,Almuerzo,0,False,,14:30:00,1,2026-03-31 16:37:34.882+00,Sebastian Fraga,,,2026-03-31 16:37:34.882+00,hooligans
2205,1,2026-04-11,13:00:00,Almuerzo,0,False,,14:00:00,1,2026-03-31 16:37:34.898+00,Sebastian Fraga,,,2026-03-31 16:37:34.898+00,hooligans
2207,1,2026-04-24,13:30:00,Almuerzo,0,False,,14:30:00,1,2026-03-31 16:37:34.854+00,Sebastian Fraga,,,2026-04-24 15:53:12.949703+00,hooligans
2208,1,2026-04-23,13:30:00,Almuerzo,0,False,,14:30:00,1,2026-03-31 16:37:34.89+00,Sebastian Fraga,,,2026-04-23 15:29:41.076932+00,hooligans
2209,1,2026-04-25,13:30:00,Almuerzo,0,False,,14:30:00,1,2026-03-31 16:37:34.883+00,Sebastian Fraga,,,2026-04-23 15:39:54.024389+00,hooligans
2210,1,2026-04-15,13:00:00,Almuerzo,0,False,,14:00:00,1,2026-03-31 16:37:34.911+00,Sebastian Fraga,,,2026-03-31 16:37:34.911+00,hooligans
2211,5,2026-04-01,13:00:00,Almuerzo,0,False,,14:00:00,1,2026-03-31 16:38:03.583+00,Valentino,,,2026-03-31 16:38:03.583+00,hooligans
2212,5,2026-04-17,13:00:00,Almuerzo,0,False,,14:00:00,1,2026-03-31 16:38:03.59+00,Valentino,,,2026-03-31 16:38:03.59+00,hooligans
2213,5,2026-04-11,13:00:00,Almuerzo,0,False,,14:00:00,1,2026-03-31 16:38:03.586+00,Valentino,,,2026-03-31 16:38:03.586+00,hooligans
2214,5,2026-04-07,13:00:00,Almuerzo,0,False,,14:00:00,1,2026-03-31 16:38:03.585+00,Valentino,,,2026-03-31 16:38:03.585+00,hooligans
2216,5,2026-04-08,13:00:00,Almuerzo,0,False,,14:00:00,1,2026-03-31 16:38:03.617+00,Valentino,,,2026-03-31 16:38:03.617+00,hooligans
2217,5,2026-04-22,13:30:00,Almuerzo,0,False,,14:30:00,1,2026-03-31 16:38:03.651+00,Valentino,,,2026-04-22 16:02:53.786381+00,hooligans
2218,5,2026-04-10,13:00:00,Almuerzo,0,False,,14:00:00,1,2026-03-31 16:38:03.625+00,Valentino,,,2026-03-31 16:38:03.625+00,hooligans
2220,5,2026-04-04,13:30:00,Almuerzo,0,False,,14:30:00,1,2026-03-31 16:38:03.671+00,Valentino,,,2026-03-31 16:38:03.671+00,hooligans
2222,5,2026-04-18,13:00:00,Almuerzo,0,False,,14:00:00,1,2026-03-31 16:38:03.698+00,Valentino,,,2026-03-31 16:38:03.698+00,hooligans
2224,5,2026-04-28,13:00:00,Almuerzo,0,False,,14:00:00,1,2026-03-31 16:38:03.589+00,Valentino,,,2026-03-31 16:38:03.589+00,hooligans
2225,5,2026-04-24,11:00:00,Almuerzo,0,False,,14:00:00,1,2026-03-31 16:38:03.604+00,Valentino,,,2026-04-23 19:29:36.424837+00,hooligans
2226,5,2026-04-09,13:00:00,Almuerzo,0,False,,14:00:00,1,2026-03-31 16:38:03.587+00,Valentino,,,2026-03-31 16:38:03.587+00,hooligans
2227,5,2026-04-02,13:00:00,Almuerzo,0,False,,14:00:00,1,2026-03-31 16:38:03.586+00,Valentino,,,2026-03-31 16:38:03.586+00,hooligans
2228,5,2026-04-29,13:00:00,Almuerzo,0,False,,14:00:00,1,2026-03-31 16:38:03.671+00,Valentino,2026-04-28 06:57:05.186+00,Valentino,2026-04-28 06:57:05.271289+00,hooligans
2229,5,2026-04-21,13:00:00,Almuerzo,0,False,,14:00:00,1,2026-03-31 16:38:03.634+00,Valentino,,,2026-03-31 16:38:03.634+00,hooligans
2230,5,2026-04-16,13:00:00,Almuerzo,0,False,,14:00:00,1,2026-03-31 16:38:03.621+00,Valentino,,,2026-03-31 16:38:03.621+00,hooligans
2231,5,2026-04-03,13:00:00,Almuerzo,0,False,,19:45:00,1,2026-03-31 16:38:03.614+00,Valentino,,,2026-03-31 16:38:03.614+00,hooligans
2232,5,2026-04-23,13:00:00,Almuerzo,0,False,,14:00:00,1,2026-03-31 16:38:03.639+00,Valentino,,,2026-03-31 16:38:03.639+00,hooligans
2461,1,2026-05-16,15:30:00,ALMUERZO,0,False,,16:30:00,1,2026-04-28 06:54:58.285+00,Sebastian Fraga,,,2026-05-16 18:11:22.83962+00,hooligans
2462,1,2026-04-29,13:30:00,ALMUERZO,0,False,,14:30:00,1,2026-04-28 06:54:58.302+00,Sebastian Fraga,2026-04-28 06:56:26.101+00,Sebastian Fraga,2026-04-28 06:56:26.190142+00,hooligans
2463,1,2026-04-30,13:30:00,ALMUERZO,0,False,,14:30:00,1,2026-04-28 06:54:58.293+00,Sebastian Fraga,2026-04-28 06:56:32.6+00,Sebastian Fraga,2026-04-28 06:56:32.674677+00,hooligans
2464,1,2026-05-02,13:30:00,ALMUERZO,0,False,,15:00:00,1,2026-04-28 06:54:58.292+00,Sebastian Fraga,,,2026-05-02 19:22:05.253021+00,hooligans
2465,1,2026-05-08,13:45:00,ALMUERZO,0,False,,15:00:00,1,2026-04-28 06:54:58.283+00,Sebastian Fraga,2026-05-08 15:53:02.432+00,Sebastian Fraga,2026-05-08 15:53:02.643074+00,hooligans
2466,1,2026-05-09,13:45:00,ALMUERZO,0,False,,15:00:00,1,2026-04-28 06:54:58.878+00,Sebastian Fraga,,,2026-05-08 23:27:35.852324+00,hooligans
2467,1,2026-05-14,13:30:00,ALMUERZO,0,False,,14:30:00,1,2026-04-28 06:54:58.924+00,Sebastian Fraga,,,2026-04-28 06:54:59.035182+00,hooligans
2468,1,2026-04-28,13:30:00,ALMUERZO,0,False,,14:30:00,1,2026-04-28 06:54:58.932+00,Sebastian Fraga,2026-04-28 06:56:19.121+00,Sebastian Fraga,2026-04-28 06:56:19.207468+00,hooligans
2469,1,2026-05-15,13:30:00,ALMUERZO,0,False,,14:30:00,1,2026-04-28 06:54:58.928+00,Sebastian Fraga,,,2026-04-28 06:54:59.052207+00,hooligans
2470,1,2026-05-12,13:00:00,ALMUERZO,0,False,,13:30:00,1,2026-04-28 06:54:58.954+00,Sebastian Fraga,,,2026-05-12 15:23:09.772645+00,hooligans
2472,1,2026-05-05,13:00:00,ALMUERZO,0,False,,14:00:00,1,2026-04-28 06:54:58.972+00,Sebastian Fraga,,,2026-05-05 02:27:37.242258+00,hooligans
2473,1,2026-05-01,13:00:00,ALMUERZO,0,False,,14:00:00,1,2026-04-28 06:54:58.906+00,Sebastian Fraga,,,2026-04-30 23:43:41.829808+00,hooligans
2474,5,2026-05-05,13:30:00,ALMUERZO,0,False,,14:30:00,1,2026-04-28 06:55:43.45+00,Valentino,,,2026-04-28 06:55:43.572392+00,hooligans
2475,5,2026-05-13,13:30:00,ALMUERZO,0,False,,14:30:00,1,2026-04-28 06:55:43.453+00,Valentino,,,2026-04-28 06:55:43.591766+00,hooligans
2476,5,2026-05-08,13:00:00,ALMUERZO,0,False,,14:00:00,1,2026-04-28 06:55:43.485+00,Valentino,,,2026-05-04 20:54:19.52227+00,hooligans
2477,5,2026-05-23,15:15:00,ALMUERZO,0,False,,19:45:00,1,2026-04-28 06:55:43.459+00,Valentino,,,2026-05-28 17:45:32.665901+00,hooligans
2478,5,2026-05-26,13:30:00,ALMUERZO,0,False,,14:30:00,1,2026-04-28 06:55:43.451+00,Valentino,,,2026-04-28 06:55:43.581644+00,hooligans
2481,5,2026-05-02,13:30:00,ALMUERZO,0,False,,14:30:00,1,2026-04-28 06:55:43.461+00,Valentino,,,2026-04-28 06:55:43.62226+00,hooligans
2482,5,2026-05-07,13:30:00,ALMUERZO,0,False,,14:30:00,1,2026-04-28 06:55:43.457+00,Valentino,,,2026-04-28 06:55:43.624626+00,hooligans
2483,5,2026-05-12,13:30:00,ALMUERZO,0,False,,14:30:00,1,2026-04-28 06:55:43.461+00,Valentino,,,2026-04-28 06:55:43.637504+00,hooligans
2484,5,2026-05-19,13:30:00,ALMUERZO,0,False,,14:30:00,1,2026-04-28 06:55:43.539+00,Valentino,,,2026-05-19 16:56:23.580804+00,hooligans
2485,5,2026-05-14,13:00:00,ALMUERZO,0,False,,14:00:00,1,2026-04-28 06:55:43.458+00,Valentino,,,2026-05-14 15:59:26.619085+00,hooligans
2486,5,2026-04-29,13:00:00,ALMUERZO,0,False,,14:00:00,1,2026-04-28 06:55:43.454+00,Valentino,,,2026-04-29 01:15:19.031292+00,hooligans
2487,5,2026-04-28,13:30:00,ALMUERZO,0,False,,14:30:00,1,2026-04-28 06:55:43.497+00,Valentino,2026-04-28 06:56:48.545+00,Valentino,2026-04-28 06:56:48.621531+00,hooligans
2488,5,2026-05-06,13:30:00,ALMUERZO,0,False,,14:30:00,1,2026-04-28 06:55:43.512+00,Valentino,,,2026-04-28 06:55:43.894158+00,hooligans
2489,5,2026-05-09,13:30:00,ALMUERZO,0,False,,14:30:00,1,2026-04-28 06:55:43.948+00,Valentino,,,2026-04-28 06:55:44.078432+00,hooligans
2490,5,2026-05-15,13:00:00,ALMUERZO,0,False,,14:00:00,1,2026-04-28 06:55:44.004+00,Valentino,,,2026-05-15 14:13:39.342956+00,hooligans
2491,5,2026-05-20,13:30:00,ALMUERZO,0,False,,14:30:00,1,2026-04-28 06:55:44.009+00,Valentino,,,2026-04-28 06:55:44.138949+00,hooligans
2492,5,2026-05-21,13:00:00,ALMUERZO,0,False,,14:00:00,1,2026-04-28 06:55:44.012+00,Valentino,,,2026-05-21 15:00:05.898523+00,hooligans
2493,5,2026-06-03,14:00:00,ALMUERZO,0,False,,15:00:00,1,2026-04-28 06:55:44.009+00,Valentino,,,2026-06-03 17:28:36.430136+00,hooligans
2494,5,2026-05-01,13:00:00,Almuerzo,0,False,,14:00:00,1,2026-04-28 06:55:44.034+00,Valentino,2026-05-01 15:52:09.082+00,Valentino,2026-05-01 15:52:09.641095+00,hooligans
2495,5,2026-05-28,13:00:00,ALMUERZO,0,False,,14:00:00,1,2026-04-28 06:55:44.056+00,Valentino,,,2026-05-28 15:14:25.969565+00,hooligans
2496,5,2026-05-22,13:45:00,ALMUERZO,0,False,,14:45:00,1,2026-04-28 06:55:44.055+00,Valentino,,,2026-05-22 16:41:40.351262+00,hooligans
2497,5,2026-04-30,13:30:00,ALMUERZO,0,False,,14:30:00,1,2026-04-28 06:55:44.148+00,Valentino,2026-04-28 06:57:16.965+00,Valentino,2026-04-28 06:57:17.047453+00,hooligans
2498,5,2026-05-29,13:30:00,ALMUERZO,0,False,,14:30:00,1,2026-04-28 06:55:44.029+00,Valentino,,,2026-04-28 06:55:44.41329+00,hooligans
2499,1,2026-05-30,12:45:00,ALMUERZO,0,False,,13:45:00,1,2026-04-28 06:59:09.342+00,Sebastian Fraga,,,2026-05-30 15:17:56.761+00,hooligans
2505,1,2026-05-29,13:00:00,ALMUERZO,0,False,,14:00:00,1,2026-04-28 06:59:09.344+00,Sebastian Fraga,2026-05-29 19:21:58.217+00,Sebastian Fraga,2026-05-29 19:21:58.296773+00,hooligans
2788,1,2026-06-17,13:00:00,ALMUERZO,0,False,,14:00:00,1,2026-06-02 15:03:09.924+00,Sebastian Fraga,,,2026-06-02 15:03:10.055895+00,hooligans
2789,1,2026-06-02,13:00:00,ALMUERZO,0,False,,14:00:00,1,2026-06-02 15:03:09.877+00,Sebastian Fraga,,,2026-06-02 15:03:10.260168+00,hooligans
2790,1,2026-06-04,13:00:00,ALMUERZO,0,False,,14:00:00,1,2026-06-02 15:03:09.968+00,Sebastian Fraga,,,2026-06-04 14:59:25.217529+00,hooligans
2791,1,2026-06-05,13:00:00,ALMUERZO,0,False,,14:00:00,1,2026-06-02 15:03:09.988+00,Sebastian Fraga,2026-06-03 20:01:07.944+00,Sebastian Fraga,2026-06-03 20:01:08.057552+00,hooligans
2792,1,2026-06-16,13:00:00,ALMUERZO,0,False,,14:00:00,1,2026-06-02 15:03:09.917+00,Sebastian Fraga,2026-06-16 15:08:45.745+00,Sebastian Fraga,2026-06-16 15:08:45.825744+00,hooligans
2793,1,2026-06-20,11:00:00,ALMUERZO,0,False,,12:00:00,1,2026-06-02 15:03:10.52+00,Sebastian Fraga,2026-06-20 14:53:18.795+00,Sebastian Fraga,2026-06-20 14:53:18.869064+00,hooligans
2794,1,2026-06-13,13:00:00,ALMUERZO,0,False,,14:00:00,1,2026-06-02 15:03:10.559+00,Sebastian Fraga,,,2026-06-02 15:03:10.700255+00,hooligans
2795,1,2026-06-18,13:00:00,ALMUERZO,0,False,,14:00:00,1,2026-06-02 15:03:10.566+00,Sebastian Fraga,,,2026-06-02 15:03:10.707729+00,hooligans
2796,1,2026-06-24,13:00:00,ALMUERZO,0,False,,14:00:00,1,2026-06-02 15:03:10.584+00,Sebastian Fraga,,,2026-06-02 15:03:10.758127+00,hooligans
2797,1,2026-06-25,13:00:00,ALMUERZO,0,False,,14:00:00,1,2026-06-02 15:03:10.743+00,Sebastian Fraga,,,2026-06-02 15:03:10.866654+00,hooligans
2798,1,2026-06-09,13:30:00,ALMUERZO,0,False,,14:30:00,1,2026-06-02 15:03:10.543+00,Sebastian Fraga,,,2026-06-09 15:16:23.874683+00,hooligans
2799,1,2026-06-03,13:00:00,ALMUERZO,0,False,,14:00:00,1,2026-06-02 15:03:10.55+00,Sebastian Fraga,,,2026-06-02 15:03:10.943867+00,hooligans
2800,1,2026-06-06,13:00:00,ALMUERZO,0,False,,14:00:00,1,2026-06-02 15:03:10.572+00,Sebastian Fraga,2026-06-03 20:01:12.943+00,Sebastian Fraga,2026-06-03 20:01:13.017276+00,hooligans
2801,1,2026-06-26,13:30:00,ALMUERZO,0,False,,14:30:00,1,2026-06-02 15:03:10.584+00,Sebastian Fraga,,,2026-06-25 19:39:23.673143+00,hooligans
2802,1,2026-06-12,13:00:00,ALMUERZO,0,False,,14:00:00,1,2026-06-02 15:03:10.601+00,Sebastian Fraga,,,2026-06-02 15:03:10.985391+00,hooligans
2803,1,2026-06-30,13:00:00,ALMUERZO,0,False,,14:00:00,1,2026-06-02 15:03:10.623+00,Sebastian Fraga,,,2026-06-02 15:03:10.997871+00,hooligans
2804,1,2026-06-11,13:00:00,ALMUERZO,0,False,,14:00:00,1,2026-06-02 15:03:10.634+00,Sebastian Fraga,,,2026-06-02 15:03:11.01404+00,hooligans
2805,1,2026-06-10,13:00:00,ALMUERZO,0,False,,14:00:00,1,2026-06-02 15:03:10.641+00,Sebastian Fraga,,,2026-06-02 15:03:11.029441+00,hooligans
2806,1,2026-06-23,13:00:00,ALMUERZO,0,False,,14:00:00,1,2026-06-02 15:03:10.66+00,Sebastian Fraga,,,2026-06-02 15:03:11.03684+00,hooligans
2807,1,2026-06-20,13:00:00,ALMUERZO,0,False,,14:15:00,1,2026-06-02 15:03:10.665+00,Sebastian Fraga,,,2026-06-20 14:53:13.025465+00,hooligans
2808,1,2026-06-27,13:00:00,ALMUERZO,0,False,,14:00:00,1,2026-06-02 15:03:10.753+00,Sebastian Fraga,2026-06-26 20:48:00.569+00,Sebastian Fraga,2026-06-26 20:48:00.890111+00,hooligans
2836,1,2026-06-23,13:00:00,ALMUERZO,0,False,,14:00:00,1,2026-06-03 19:11:13.675+00,Sebastian Fraga,,,2026-06-03 19:11:13.786266+00,hooligans
2837,1,2026-06-18,13:00:00,ALMUERZO,0,False,,14:00:00,1,2026-06-03 19:11:13.675+00,Sebastian Fraga,,,2026-06-03 19:11:13.810329+00,hooligans
2838,1,2026-06-10,13:00:00,ALMUERZO,0,False,,14:00:00,1,2026-06-03 19:11:13.675+00,Sebastian Fraga,,,2026-06-03 19:11:13.80749+00,hooligans
2839,1,2026-06-17,13:00:00,ALMUERZO,0,False,,14:00:00,1,2026-06-03 19:11:13.681+00,Sebastian Fraga,,,2026-06-03 19:11:13.811527+00,hooligans
2840,1,2026-06-06,13:30:00,ALMUERZO,0,False,,14:30:00,1,2026-06-03 19:11:13.671+00,Sebastian Fraga,,,2026-06-05 16:38:48.3778+00,hooligans
2841,1,2026-06-03,13:00:00,ALMUERZO,0,False,,14:00:00,1,2026-06-03 19:11:13.69+00,Sebastian Fraga,2026-06-03 19:11:45.656+00,Sebastian Fraga,2026-06-03 19:11:45.762549+00,hooligans
2842,1,2026-06-12,13:00:00,ALMUERZO,0,False,,14:00:00,1,2026-06-03 19:11:13.694+00,Sebastian Fraga,,,2026-06-03 19:11:13.844449+00,hooligans
2843,1,2026-06-04,13:00:00,ALMUERZO,0,False,,14:00:00,1,2026-06-03 19:11:13.688+00,Sebastian Fraga,2026-06-03 19:11:52.004+00,Sebastian Fraga,2026-06-03 19:11:52.0782+00,hooligans
2844,1,2026-06-24,13:00:00,ALMUERZO,0,False,,14:00:00,1,2026-06-03 19:11:14.393+00,Sebastian Fraga,,,2026-06-03 19:11:14.507243+00,hooligans
2845,1,2026-06-13,13:00:00,ALMUERZO,0,False,,14:00:00,1,2026-06-03 19:11:14.412+00,Sebastian Fraga,,,2026-06-03 19:11:14.520644+00,hooligans
2846,1,2026-06-25,13:00:00,ALMUERZO,0,False,,14:00:00,1,2026-06-03 19:11:14.39+00,Sebastian Fraga,2026-06-25 15:29:23.722+00,Sebastian Fraga,2026-06-25 15:29:23.810354+00,hooligans
2847,1,2026-06-20,13:00:00,ALMUERZO,0,False,,14:00:00,1,2026-06-03 19:11:14.421+00,Sebastian Fraga,2026-06-19 05:28:23.006+00,Sebastian Fraga,2026-06-19 05:28:23.332473+00,hooligans
2848,1,2026-06-30,13:00:00,ALMUERZO,0,False,,14:00:00,1,2026-06-03 19:11:14.428+00,Sebastian Fraga,,,2026-06-03 19:11:14.547991+00,hooligans
2849,1,2026-06-26,13:00:00,ALMUERZO,0,False,,14:00:00,1,2026-06-03 19:11:14.44+00,Sebastian Fraga,2026-06-25 15:52:32.829+00,Sebastian Fraga,2026-06-25 15:52:33.16265+00,hooligans
2851,1,2026-06-06,11:00:00,ALMUERZO,0,False,,12:00:00,1,2026-06-03 19:11:14.526+00,Sebastian Fraga,,,2026-06-05 23:31:17.331083+00,hooligans
2852,1,2026-06-11,11:00:00,ALMUERZO,0,False,,11:30:00,1,2026-06-03 19:11:14.578+00,Sebastian Fraga,,,2026-06-11 13:44:05.052364+00,hooligans
2853,1,2026-06-16,12:30:00,ALMUERZO,0,False,,14:00:00,1,2026-06-03 19:11:14.434+00,Sebastian Fraga,,,2026-06-16 15:08:54.555183+00,hooligans
2854,1,2026-06-19,13:00:00,ALMUERZO,0,False,,14:00:00,1,2026-06-03 19:11:14.457+00,Sebastian Fraga,2026-06-19 15:25:42.865+00,Sebastian Fraga,2026-06-19 15:25:42.941203+00,hooligans
2857,5,2026-06-11,13:30:00,ALMUERZO,0,False,,14:30:00,1,2026-06-03 19:11:37.7+00,Valentino,,,2026-06-03 19:11:37.787372+00,hooligans
2858,5,2026-06-23,13:30:00,ALMUERZO,0,False,,14:30:00,1,2026-06-03 19:11:37.698+00,Valentino,,,2026-06-03 19:11:37.795902+00,hooligans
2859,5,2026-06-06,13:30:00,ALMUERZO,0,False,,14:30:00,1,2026-06-03 19:11:37.703+00,Valentino,,,2026-06-03 19:11:37.802859+00,hooligans
2860,5,2026-06-24,13:30:00,ALMUERZO,0,False,,14:30:00,1,2026-06-03 19:11:37.705+00,Valentino,,,2026-06-03 19:11:37.80286+00,hooligans
2862,5,2026-06-26,13:30:00,ALMUERZO,0,False,,14:30:00,1,2026-06-03 19:11:37.735+00,Valentino,,,2026-06-03 19:11:37.822644+00,hooligans
2863,5,2026-06-19,13:30:00,ALMUERZO,0,False,,14:30:00,1,2026-06-03 19:11:37.727+00,Valentino,,,2026-06-03 19:11:37.824008+00,hooligans
2865,5,2026-06-16,13:30:00,ALMUERZO,0,False,,14:30:00,1,2026-06-03 19:11:37.736+00,Valentino,,,2026-06-03 19:11:37.883192+00,hooligans
2867,5,2026-06-30,13:30:00,ALMUERZO,0,False,,14:30:00,1,2026-06-03 19:11:37.712+00,Valentino,,,2026-06-03 19:11:38.093253+00,hooligans
2868,5,2026-06-20,11:00:00,ALMUERZO,0,False,,19:45:00,1,2026-06-03 19:11:37.721+00,Valentino,,,2026-06-19 12:32:22.967883+00,hooligans
2869,5,2026-06-04,13:30:00,ALMUERZO,0,False,,14:30:00,1,2026-06-03 19:11:37.727+00,Valentino,,,2026-06-03 19:11:38.110404+00,hooligans
2870,5,2026-06-10,13:30:00,ALMUERZO,0,False,,14:30:00,1,2026-06-03 19:11:37.737+00,Valentino,2026-06-09 20:48:30.813+00,Valentino,2026-06-09 20:48:30.944339+00,hooligans
2871,5,2026-06-03,13:30:00,ALMUERZO,0,False,,14:30:00,1,2026-06-03 19:11:37.759+00,Valentino,2026-06-03 21:13:12.06+00,Valentino,2026-06-03 21:13:12.14226+00,hooligans
2873,5,2026-06-05,13:00:00,ALMUERZO,0,False,,14:00:00,1,2026-06-03 19:11:37.751+00,Valentino,,,2026-06-05 16:39:16.133882+00,hooligans
2874,5,2026-06-13,13:30:00,ALMUERZO,0,False,,14:30:00,1,2026-06-03 19:11:37.748+00,Valentino,,,2026-06-03 19:11:38.13076+00,hooligans
2875,5,2026-06-17,14:00:00,ALMUERZO,0,False,,15:00:00,1,2026-06-03 19:11:38.279+00,Valentino,,,2026-06-17 16:19:02.661839+00,hooligans
